[{"line":1,"elements":[{"line":3,"name":"","description":"","type":"background","keyword":"Background","steps":[{"result":{"duration":2404000000,"status":"passed"},"line":4,"name":"initialize the driver","match":{"location":"step_definition.LoginTest.initialize_the_driver()"},"after":[{"result":{"duration":3000000,"status":"passed"},"match":{"location":"step_definition.LoginTest.captureScreenshot(io.cucumber.java.Scenario)"}}],"keyword":"Given "}]},{"start_timestamp":"2023-07-06T04:57:32.461Z","line":6,"name":"Successful Login","description":"","id":"user-login;successful-login","after":[{"result":{"duration":256000000,"status":"passed"},"match":{"location":"step_definition.LoginTest.closeWindow()"}}],"type":"scenario","keyword":"Scenario","steps":[{"result":{"duration":1481000000,"status":"passed"},"line":7,"name":"User is on the login page \"https://tutorialsninja.com/demo/index.php?route=account/login\"","match":{"arguments":[{"val":"\"https://tutorialsninja.com/demo/index.php?route=account/login\"","offset":26}],"location":"step_definition.LoginTest.user_is_on_the_login_page(java.lang.String)"},"after":[{"result":{"duration":1000000,"status":"passed"},"match":{"location":"step_definition.LoginTest.captureScreenshot(io.cucumber.java.Scenario)"}}],"keyword":"Given "},{"result":{"duration":781000000,"status":"passed"},"line":8,"name":"User enters \"rinusha.bala@gmail.com\" and \"Welcome@2023\"","match":{"arguments":[{"val":"\"rinusha.bala@gmail.com\"","offset":12},{"val":"\"Welcome@2023\"","offset":41}],"location":"step_definition.LoginTest.user_enters_and(java.lang.String,java.lang.String)"},"after":[{"result":{"duration":2000000,"status":"passed"},"match":{"location":"step_definition.LoginTest.captureScreenshot(io.cucumber.java.Scenario)"}}],"keyword":"When "},{"result":{"duration":659000000,"status":"passed"},"line":9,"name":"User clicks the login button","match":{"location":"step_definition.LoginTest.user_clicks_the_login_button()"},"after":[{"result":{"duration":4000000,"status":"passed"},"match":{"location":"step_definition.LoginTest.captureScreenshot(io.cucumber.java.Scenario)"}}],"keyword":"And "},{"result":{"duration":16000000,"status":"passed"},"line":10,"name":"User should be logged in successfully","match":{"location":"step_definition.LoginTest.user_should_be_logged_in_successfully()"},"after":[{"result":{"status":"passed"},"match":{"location":"step_definition.LoginTest.captureScreenshot(io.cucumber.java.Scenario)"}}],"keyword":"Then "}]}],"name":"User Login","description":"","id":"user-login","keyword":"Feature","uri":"file:src/test/resources/features/Login.feature","tags":[]}]